step,phase,tokens,kv_len,start_ns,end_ns,latency_s,flops,bytes,tokens_per_second,ai_flops_per_byte,achieved_tflops,achieved_gbs,drain_like,gpu_samples,gpu_quality,gpu_power_w_avg,gpu_power_w_std,gpu_power_w_peak,gpu_util_pct_avg,gpu_util_pct_std,gpu_util_pct_peak,gpu_energy_j,gpu_power_w_dyn,gpu_energy_dyn_j
0,prefill,928,58,40433259228661,40433619914160,0.360685499,12139177967616,14193786880,2572.8785952661765,855.2458952811894,33.65585253987713,39.352252639355484,False,27,sampled,23.56837037037037,4.154990124473575,30.035,96.74074074074075,2.194268628681278,98.0,8.500769427653852,20.40337037037037,7.3591998233188525
1,decode,16,58,40433620358631,40433734032236,0.113673605,226628075520,14194704384,140.7538715781909,15.965677719604422,1.9936736898596645,124.87247487224496,False,7,sampled,28.510428571428573,0.9525507610521088,30.035,95.14285714285714,2.340126166724879,97.0,3.240883195809286,25.345428571428574,2.881106235984286
2,decode,16,59,40433734458199,40433847435274,0.112977075,226634498048,14195621888,141.6216520032936,15.965098241985523,2.006022000905936,125.6504639370421,False,7,sampled,24.953714285714284,0.7713636656998466,26.083,95.28571428571429,2.4299715851758235,97.0,2.819197650385714,21.788714285714285,2.461625208010714
3,decode,16,60,40433847855061,40433961859948,0.114004887,226640920576,14196539392,140.34486083039582,15.964518839268402,1.9879930285444691,124.525709077717,False,7,sampled,22.528428571428574,0.5556758219030395,23.316,95.14285714285714,2.340126166724879,97.0,2.568350953573286,19.363428571428575,2.207525486218286
4,decode,16,61,40433962268365,40434075167107,0.112898742,226647343104,14197456896,141.71991393845647,15.963939511438543,2.0075276224424186,125.75389809037907,False,8,sampled,20.752875,0.47291268825681293,21.349,94.75,3.011881234615431,97.0,2.34297348038325,17.587875,1.98564896195325
5,decode,16,62,40434075581404,40434189716907,0.114135503,226653765632,14198374400,140.18425099506504,15.963360258481421,1.9858305231458087,124.39928003821913,False,8,sampled,19.224,0.41955009917086894,19.768,95.375,2.38671920665766,97.0,2.194140909672,16.059,1.8329020426770002
6,decode,16,63,40434190119748,40434302389520,0.112269772,226660188160,14199291904,142.51387274572892,15.962781080382527,2.0188888257473256,126.47475496788218,False,7,sampled,18.07314285714286,0.2985919336772892,18.581,95.71428571428571,1.7043362064926935,97.0,2.0290676278948574,14.90814285714286,1.6737337995148576
7,decode,16,64,40434302802641,40434418306915,0.115504274,226666610688,14200209408,138.52301257700645,15.96220197712735,1.9624088601950782,122.94098665128183,False,8,sampled,17.197499999999998,0.21113638111081504,17.395,93.875,5.276294695549682,97.0,1.9863847521149998,14.032499999999999,1.6208137249049999
8,decode,16,65,40434418720322,40434534101504,0.115381182,226673033216,14201126912,138.67079295478183,15.961622948701383,1.9645580785955201,123.08009560865827,False,8,sampled,16.506,0.18331237975496556,16.605,95.125,3.758324094593227,97.0,1.904481790092,13.341000000000001,1.539300349062
9,decode,16,66,40434534512985,40434649488122,0.114975137,226679455744,14202044416,139.160521287311,15.961043995090122,1.9715519516536866,123.52274401725653,False,7,sampled,16.09614285714286,0.1927402644073351,16.209,94.57142857142857,3.8234863173611093,97.0,1.8506562301715717,12.93114285714286,1.4867599215665717
10,decode,16,67,40434649884038,40434764030235,0.114146197,226685878272,14202961920,140.17111757126696,15.96046511627907,1.9859258059381513,124.42781532178421,False,8,sampled,15.814,0.0,15.814,95.875,2.03100960115899,97.0,1.8051079593580002,12.649000000000001,1.4438352458530002
11,decode,16,68,40434764443013,40434880117237,0.115674224,226692300800,14203879424,138.31949285434584,15.95988631225373,1.959747755040051,122.79208740574737,False,8,sampled,15.419,0.0,15.419,92.875,8.201698430377524,97.0,1.7835808598560001,12.254000000000001,1.4174719408960001
12,decode,16,69,40434880515820,40434995106901,0.114591081,226698723328,14204796928,139.6269226223636,15.959307582999612,1.9783278187942044,123.96075509576526,False,8,sampled,15.419,0.0,15.419,95.25,1.9086270308410553,97.0,1.766879877939,12.254000000000001,1.404199106574
13,decode,16,70,40434995525401,40435111265221,0.11573982,226705145856,14205714432,138.24109973559663,15.958728928502229,1.9587480424282673,122.73834910059477,False,9,sampled,15.023,0.0,15.023,95.44444444444444,2.1278575558006176,97.0,1.7387593158599999,11.858,1.3724427855599999
14,decode,16,71,40435111676749,40435228675994,0.116999245,226711568384,14206631936,136.75301921820093,15.958150348747093,1.9377182167628517,121.4249881356072,False,7,sampled,15.023,0.0,15.023,92.28571428571429,9.877825093178588,97.0,1.757679657635,11.858,1.38737704721
15,decode,16,72,40435229075948,40435345509383,0.116433435,226717990912,14207549440,137.4175725383349,15.957571843719728,1.9471897476184568,122.0229347351987,False,7,sampled,15.023,0.0,15.023,95.28571428571429,2.4299715851758235,97.0,1.749179494005,11.858,1.38066767223
16,decode,16,73,40435345933733,40435460085172,0.114151439,226724413440,14208466944,140.16468070980693,15.956993413405657,1.9861721886834909,124.47032703635037,False,7,sampled,14.966571428571427,0.1492959668386446,15.023,95.0,2.70801280154532,97.0,1.708455665467714,11.801571428571428,1.3471663610327143
17,decode,16,74,40435460503875,40435576932549,0.116428674,226730835968,14209384448,137.42319181613286,15.956415057790405,1.9473796976164137,122.04368528666745,False,7,sampled,15.023,0.0,15.023,95.71428571428571,2.2146697055682827,97.0,1.749107969502,11.858,1.3806112162920001
18,decode,16,75,40435577425030,40435691289825,0.113864795,226737258496,14210301952,140.5175322188039,15.955836776859504,1.9912850016196841,124.79978514869323,False,7,sampled,14.797285714285715,0.21113638111081504,15.023,95.42857142857143,2.5071326821120348,97.0,1.6848899044135717,11.632285714285715,1.3245078282385716
19,decode,16,76,40435691702362,40435808362675,0.116660313,226743681024,14211219456,137.15032634963015,15.95525857059849,1.9436231156348776,121.81708663853833,False,8,sampled,15.023,0.0,15.023,95.5,2.32992949004287,97.0,1.752587882199,11.858,1.3833579915540002
20,decode,16,77,40435808798063,40435923342371,0.114544308,226750103552,14212136960,139.68393785224143,15.954680438992899,1.9795842107841797,124.07545349176146,False,7,sampled,15.023,0.0,15.023,95.0,2.309401076758503,97.0,1.7207991390839998,11.858,1.358266404264
21,decode,16,78,40435923750639,40436040217065,0.116466426,226756526080,14213054464,137.37864678701482,15.954102382028275,1.9469690439371772,122.03563681090378,False,7,sampled,14.740857142857143,0.1927402644073351,15.023,95.28571428571429,1.889822365046136,96.0,1.7168149476051429,11.575857142857142,1.3481987093151429
22,decode,16,79,40436040644842,40436155214507,0.114569665,226762948608,14213971968,139.65302246454155,15.953524399690163,1.9792581972549192,124.06400915984173,False,7,sampled,14.628,0.0,14.628,94.42857142857143,5.159365040297849,97.0,1.67592505962,11.463000000000001,1.313312069895
23,decode,16,80,40436155634599,40436272649187,0.117014588,226769371136,14214889472,136.73508810713412,15.952946491964113,1.9379581213925225,121.47963527419333,False,7,sampled,14.68442857142857,0.1492959668386446,15.023,95.42857142857143,2.878491668515698,97.0,1.7182923593011428,11.51942857142857,1.3479411882811427
24,decode,16,81,40436273054843,40436387989433,0.11493459,226775793664,14215806976,139.20961479046474,15.952368658835677,1.9730856799854595,123.68606331653508,False,8,sampled,14.776125,0.2044319219551722,15.023,95.375,2.669269563007828,97.0,1.6982878686637501,11.611125000000001,1.3345198913137502
25,decode,16,82,40436388412563,40436505787479,0.117374916,226782216192,14216724480,136.31532652172464,15.951790900290415,1.9321182405958017,121.12233997253723,False,8,sampled,14.92425,0.1828494697050787,15.023,95.75,2.3754698783308417,97.0,1.751732590113,11.759250000000002,1.380240980973
26,decode,16,83,40436506210526,40436620975343,0.114764817,226788638720,14217641984,139.41554927935798,15.951213216313887,1.976116414841667,123.8850229160388,False,7,sampled,14.853714285714286,0.21113638111081504,15.023,94.71428571428571,3.903600291794133,97.0,1.704683801770286,11.688714285714287,1.3414531559652858
27,decode,16,84,40436621393870,40436738988791,0.117594921,226795061248,14218559488,136.06029804637566,15.950635606891657,1.9286127268030564,120.91134010796264,False,8,sampled,14.973625,0.139653589284343,15.023,95.375,2.669269563007828,97.0,1.7608222489586252,11.808625,1.388634323993625
28,decode,16,85,40436739409671,40436854804372,0.115394701,226801483776,14219476992,138.65454705758108,15.950058072009291,1.9654410628092878,123.22469635759097,False,7,sampled,14.966571428571427,0.1492959668386446,15.023,95.0,3.605551275463989,97.0,1.7270630349951428,11.801571428571428,1.3618388063301428
29,decode,16,86,40436855223085,40436972703388,0.117480303,226807906304,14220394496,136.1930433563829,15.949480611652366,1.9306036885519442,121.0449252586623,False,8,sampled,15.023,0.0,15.023,95.25,2.187627547301936,97.0,1.764906591969,11.858,1.393081432974
30,decode,16,87,40436973118749,40437088092214,0.114973465,226814328832,14221312000,139.16254502723737,15.948903225806452,1.972753703056614,123.69212322164944,False,8,sampled,14.874875,0.2044319219551722,15.023,93.375,7.4821215478728265,97.0,1.710215920191875,11.709875,1.346324903466875
31,decode,16,88,40437088506333,40437205912535,0.117406202,226820751360,14222229504,136.2790016834034,15.948325914457131,1.9319315972762665,121.13695240733534,False,8,sampled,14.776125,0.2044319219551722,15.023,95.25,3.4121631178560534,97.0,1.73480871652725,11.611125000000001,1.3632180871972501
32,decode,16,89,40437206321581,40437321781059,0.115459478,226827173888,14223147008,138.57675677348897,15.947748677589988,1.9645608815934539,123.18734896757456,False,7,sampled,14.910142857142857,0.1927402644073351,15.023,94.71428571428571,3.903600291794133,97.0,1.7215173111911428,11.745142857142856,1.3560880633211427
33,decode,16,90,40437322197725,40437440095331,0.117897606,226833596416,14224064512,135.7109829694082,15.947171515190607,1.9239881462563369,120.64761104648723,False,9,sampled,15.023,0.0,15.023,95.22222222222223,2.773886162848873,97.0,1.771175734938,11.858,1.3980298119480001
34,decode,16,91,40437440510330,40437556727911,0.116217581,226840018944,14224982016,137.67280184570353,15.946594427244582,1.9518563111720593,122.39957064671653,False,8,sampled,15.023,0.0,15.023,95.0,4.105745103771404,97.0,1.745936719363,11.858,1.378108075498
35,decode,16,92,40437557124115,40437675000086,0.117875971,226846441472,14225899520,135.73589141420518,15.946017413737504,1.9244502467088904,120.6853220322571,False,8,sampled,15.023,0.0,15.023,94.875,4.120939559996343,97.0,1.770850712333,11.858,1.397773264118
36,decode,16,93,40437675400409,40437791048326,0.115647917,226852864000,14226817024,138.35095706911866,15.945440474654973,1.9615819280169136,123.01835945735192,False,8,sampled,15.023,0.0,15.023,94.625,3.6228441865473595,97.0,1.737378657091,11.858,1.3713529997860001
37,decode,16,94,40437791452928,40437909042543,0.117589615,226859286528,14227734528,136.06643749960404,15.944863609982589,1.9292459332229297,120.9948219321919,False,8,sampled,15.023,0.0,15.023,95.0,3.779644730092272,97.0,1.7665487861449998,11.858,1.39437765467
38,decode,16,95,40437909455033,40438025111475,0.115656442,226865709056,14228652032,138.34075926354367,15.944286819705958,1.961548402604327,123.0251578377277,False,8,sampled,15.023,0.0,15.023,95.25,3.105295017040594,97.0,1.737506728166,11.858,1.371454089236
39,decode,16,96,40438025509289,40438144075963,0.118566674,226872131584,14229569536,134.94517017488405,15.943710103810691,1.9134561502838479,120.01323015942913,False,8,sampled,15.023,0.0,15.023,95.125,2.416461403433896,97.0,1.781227143502,11.858,1.405963620292
40,decode,16,97,40438144476954,40438260363714,0.11588676,226878554112,14230487040,138.0658152838167,15.943133462282399,1.9577607839929256,122.79648719146174,False,7,sampled,15.023,0.0,15.023,95.14285714285714,2.4784787961282104,97.0,1.74096679548,11.858,1.3741852000800001
41,decode,16,98,40438260821177,40438379634567,0.11881339,226884976640,14231404544,134.6649565339395,15.942556895106698,1.909590969839342,119.7794671459168,False,8,sampled,15.023,0.0,15.023,95.375,2.669269563007828,97.0,1.78493355797,11.858,1.4088891786200002
42,decode,16,99,40438380068003,40438496276888,0.116208885,226891399168,14232322048,137.68310400706451,15.94198040226921,1.9524445068722585,122.47189229980134,False,8,sampled,15.023,0.0,15.023,95.625,2.774243783705493,97.0,1.7458060793549999,11.858,1.37800495833
43,decode,16,100,40438496687453,40438616282917,0.119595464,226897821696,14233239552,133.7843381752338,15.94140398375556,1.8972109318125978,119.01153334711758,False,7,sampled,15.023,0.0,15.023,95.14285714285714,3.625307868699863,97.0,1.796682655672,11.858,1.4181630121120001
44,decode,16,101,40438616775056,40438733482046,0.11670699,226904244224,14234157056,137.09547303036433,15.940827639551372,1.9442215434054122,121.96490592380114,False,7,sampled,15.023,0.0,15.023,95.42857142857143,2.439750182371333,97.0,1.75328911077,11.858,1.38391148742
45,decode,16,102,40438733984786,40438853416135,0.119431349,226910666752,14235074560,133.96817614443927,15.940251369642281,1.899925510780256,119.19043600520664,False,8,sampled,15.023,0.0,15.023,95.375,1.8468119248354138,97.0,1.7942171560270002,11.858,1.416216936442
46,decode,16,103,40438853819302,40438970528003,0.116708701,226917089280,14235992064,137.09346315147488,15.93967517401392,1.944303101102976,121.97884084066705,False,8,sampled,15.023,0.0,15.023,93.5,7.131419413913535,97.0,1.753314815123,11.858,1.3839317764580001
47,decode,16,104,40438970938539,40439090381736,0.119443197,226923511808,14236909568,133.95488735955385,15.93909905265193,1.8998445914671893,119.19397609559965,False,8,sampled,15.023,0.0,15.023,94.0,5.732115042211109,97.0,1.794395148531,11.858,1.416357430026
48,decode,16,105,40439090780735,40439207860529,0.117079794,226929934336,14237827072,136.65893535822244,15.938523005541951,1.938250201704318,121.60789309212485,False,8,sampled,15.023,0.0,15.023,95.75,2.3754698783308417,97.0,1.758889745262,11.858,1.388332197252
49,decode,16,106,40439208323918,40439328093646,0.119769728,226936356864,14238744576,133.58968302908727,15.93794703266963,1.8947722488273495,118.88433591499849,False,8,sampled,15.023,0.0,15.023,95.25,2.6049403612586386,97.0,1.7993006237440001,11.858,1.420229434624
50,decode,16,107,40439328502341,40439445173292,0.116670951,226942779392,14239662080,137.13782105024583,15.93737113402062,1.9451523918065947,122.04976438393821,False,8,sampled,15.0725,0.1400071426749367,15.419,94.25,5.444525428617001,97.0,1.7585229089474999,11.907499999999999,1.3892593490324998
51,decode,16,108,40439445577653,40439565485192,0.119907539,226949201920,14240579584,133.4361469965621,15.936795309580567,1.8927016917593482,118.76300441792907,False,9,sampled,15.155000000000001,0.1980000000000004,15.419,93.22222222222223,7.446102634562892,97.0,1.817198753545,11.990000000000002,1.4376913926100001
52,decode,16,109,40439565901145,40439682537317,0.116636172,226955624448,14241497088,137.17871330688047,15.936219559335138,1.9458425337210141,122.10189038097032,False,8,sampled,15.221,0.21167090359464052,15.419,95.5,2.32992949004287,97.0,1.775319174012,12.056000000000001,1.406165689632
53,decode,16,110,40439682947807,40439802446801,0.119498994,226962046976,14242414592,133.89234054974554,15.935643883269986,1.8992799803486213,119.18438905017058,False,7,sampled,15.305857142857144,0.19322821444380997,15.419,95.42857142857143,2.878491668515698,97.0,1.829034530879143,12.140857142857143,1.450820214869143
54,decode,16,111,40439802845467,40439919474070,0.116628603,226968469504,14243332096,137.18761597444498,15.93506828137078,1.9460789520388924,122.1255483614084,False,9,sampled,15.199,0.20871032557111346,15.419,95.55555555555556,2.9202359113225387,97.0,1.772638136997,12.033999999999999,1.4035086085019999
55,decode,16,112,40439919878366,40440039795565,0.119917199,226974892032,14244249600,133.42539796981083,15.93449275362319,1.8927634561577775,118.78404197883242,False,8,sampled,15.2705,0.20494947112467962,15.419,95.125,3.440826312717007,97.0,1.8311955873295,12.1055,1.4516576524945
56,decode,16,113,40440040218852,40440157370856,0.117152004,226981314560,14245167104,136.57470170121886,15.933917300012881,1.937494082986408,121.59559049455099,False,8,sampled,15.419,0.0,15.419,95.0,2.8284271247461903,97.0,1.806366749676,12.254000000000001,1.4355806570160001
57,decode,16,114,40440157773337,40440277429988,0.119656651,226987737088,14246084608,133.71592691491927,15.933341920525535,1.8969922289401195,119.05802551669275,False,8,sampled,15.419,0.0,15.419,94.875,3.2265638511757806,97.0,1.844985901769,12.254000000000001,1.4662726013540002
58,decode,16,115,40440277839034,40440394637644,0.11679861,226994159616,14247002112,136.98793162007664,15.932766615146832,1.9434662759770858,121.97920944435897,False,8,sampled,15.419,0.0,15.419,92.375,9.101608962940878,96.0,1.80091776759,12.254000000000001,1.4312501669400002
59,decode,16,116,40440395039931,40440515295058,0.120255127,227000582144,14247919616,133.05046029347255,15.93219138386245,1.8876582463215892,118.4807664458248,False,9,sampled,15.419000000000002,0.0,15.419,95.0,2.9154759474226504,97.0,1.8542138032130002,12.254000000000001,1.4736063262580001
60,decode,16,117,40440515706020,40440632725441,0.117019421,227007004672,14248837120,136.72944083358607,15.93161622665808,1.939908800881864,121.76472074665281,False,8,sampled,15.419,0.0,15.419,95.375,1.7677669529663689,96.0,1.804322452399,12.254000000000001,1.4339559849340002
61,decode,16,118,40440633126145,40440752930072,0.119803927,227013427200,14249754624,133.55154877352226,15.931041143519412,1.8948746746840777,118.94229997986628,False,9,sampled,15.419000000000002,0.0,15.419,95.22222222222223,2.438123139721299,97.0,1.8472567504130004,12.254000000000001,1.4680773214580003
62,decode,16,119,40440753413183,40440870118734,0.116705551,227019849728,14250672128,137.0971634416944,15.93046613443214,1.9452360901667822,122.10792036790093,False,8,sampled,15.419,0.0,15.419,94.875,2.850438562747845,97.0,1.7994828908690002,12.254000000000001,1.4301098219540003
63,decode,16,120,40440870500632,40440992345015,0.121844383,227026272256,14251589632,131.31503977495623,15.929891199381961,1.8632477482035426,116.96550371140212,False,9,sampled,15.419000000000002,0.0,15.419,95.66666666666667,1.8708286933869707,97.0,1.8787185414770002,12.254000000000001,1.4930810692820002
64,decode,16,121,40440992844663,40441110430014,0.117585351,227032694784,14252507136,136.07137167962358,15.929316338354576,1.9307906372112627,121.20988724182148,False,9,sampled,15.419000000000002,0.0,15.419,95.0,3.905124837953327,97.0,1.8130485270690004,12.254000000000001,1.4408908911540002
65,decode,16,122,40441110846106,40441232985773,0.122139667,227039117312,14253424640,130.99757345826072,15.928741551335694,1.858848340498587,116.69775258188645,False,8,sampled,15.419,0.0,15.419,95.0,3.2513733362117265,97.0,1.883271525473,12.254000000000001,1.4966994794180002
66,decode,16,123,40441233472301,40441351282276,0.117809975,227045539840,14254342144,135.811929337902,15.92816683831102,1.9272183008272432,120.9943567512004,False,8,sampled,15.419,0.0,15.419,95.5,2.2677868380553634,97.0,1.816512004525,12.254000000000001,1.4436434336500001
67,decode,16,124,40441351691229,40441474365741,0.122674512,227051962368,14255259648,130.4264409871873,15.927592199266268,1.850848710675939,116.20392382730653,False,9,sampled,15.419000000000002,0.0,15.419,93.44444444444444,7.17828515578601,97.0,1.8915183005280003,12.254000000000001,1.5032534700480003
68,decode,16,125,40441474762258,40441594662987,0.119900729,227058384896,14256177152,133.44372576750555,15.927017634187154,1.8937198029546594,118.89983714777914,False,9,sampled,15.419000000000002,0.0,15.419,95.77777777777777,2.223610677354389,97.0,1.8487493404510003,12.254000000000001,1.4692635331660002
69,decode,16,126,40441595069080,40441717690728,0.122621648,227064807424,14257094656,130.48266974849335,15.9264431430594,1.8517513924131894,116.26898584824109,False,9,sampled,15.419000000000002,0.0,15.419,94.33333333333333,5.522680508593631,97.0,1.8907031905120002,12.254000000000001,1.5026056745920002
70,decode,16,127,40441718105960,40441835862759,0.117756799,227071229952,14258012160,135.87325857931992,15.925868725868726,1.9283067464495194,121.08016081517297,False,8,sampled,15.419,0.0,15.419,94.5,5.154748157905347,97.0,1.815692083781,12.254000000000001,1.4429918149460002
71,decode,16,128,40441836294036,40441959423405,0.123129369,227077652480,14258929664,129.94462758921472,15.925294382600862,1.84422006158417,115.80445656308041,False,9,sampled,15.419000000000002,0.0,15.419,95.11111111111111,3.48010216963685,97.0,1.8985317406110003,12.254000000000001,1.5088272877260003
72,decode,16,129,40441959837506,40442080209194,0.120371688,227084075008,14259847168,132.92162190165513,15.92472011324154,1.8865239723812794,118.46512585251774,False,8,sampled,15.419,0.0,15.419,94.625,4.34042460069124,97.0,1.856011057272,12.254000000000001,1.4750346647520003
73,decode,16,130,40442080619268,40442203620633,0.123001365,227090497536,14260764672,130.07985724386066,15.92414591777649,1.8462437188075107,115.93988954512822,False,9,sampled,15.419000000000002,0.0,15.419,95.22222222222223,2.7284509239574835,97.0,1.8965580469350003,12.254000000000001,1.5072587267100002
74,decode,16,131,40442204043298,40442324917283,0.120873985,227096920064,14261682176,132.36926043267292,15.923571796191457,1.878790709713095,117.98802013518458,False,8,sampled,15.419,0.0,15.419,94.5,5.0990195135927845,97.0,1.863755974715,12.254000000000001,1.4811898121900002
75,decode,16,132,40442325316764,40442448377754,0.12306099,227103342592,14262599680,130.01683149144176,15.922997748472177,1.8454535640579521,115.89862620152822,False,9,sampled,15.419000000000002,0.0,15.419,95.22222222222223,2.7284509239574835,97.0,1.8974774048100003,12.254000000000001,1.5079893714600001
76,decode,16,133,40442448777780,40442569500348,0.120722568,227109765120,14263517184,132.5352853660303,15.9224237746044,1.8812535955994574,118.15120751904482,False,9,sampled,15.419000000000002,0.0,15.419,96.0,1.9364916731037085,97.0,1.8614212759920004,12.254000000000001,1.4793343482720003
77,decode,16,134,40442569900912,40442693381100,0.123480188,227116187648,14264434688,129.57544249932627,15.921849874573873,1.8392925320781013,115.52002729377121,False,9,sampled,15.550666666666668,0.1974999999999998,15.814,95.88888888888889,1.9002923751652299,97.0,1.9201992435253337,12.385666666666669,1.5293844485053336
78,decode,16,135,40442693788682,40442815131797,0.121343115,227122610176,14265352192,131.85750176266697,15.92127604836635,1.8717387482264651,117.56210636260657,False,9,sampled,15.419000000000002,0.0,15.419,91.22222222222223,11.15546702045434,97.0,1.8709894901850004,12.254000000000001,1.48693853121
79,decode,16,136,40442815530981,40442937655694,0.122124713,227129032704,14266269696,131.0136139275922,15.920702295967587,1.8598122126518326,116.81722188366575,False,8,sampled,15.51775,0.1828494697050787,15.814,95.125,3.440826312717007,97.0,1.8951007651557499,12.35275,1.50857604851075
80,decode,16,137,40442938148231,40443057055075,0.118906844,227135455232,14267187200,134.5591175559247,15.920128617363345,1.9101966513550726,119.98625747732402,False,8,sampled,15.715250000000001,0.1828494697050787,15.814,95.75,1.9820624179302297,97.0,1.8686507801710002,12.550250000000002,1.4923106189110003
81,decode,16,138,40443057460297,40443179826668,0.122366371,227141877760,14268104704,130.7548787239919,15.919555012539387,1.8562442924780371,116.60151876204614,False,9,sampled,15.814,0.0,15.814,96.0,2.29128784747792,97.0,1.935101790994,12.649000000000001,1.5478122267790002
82,decode,16,139,40443180269852,40443299485119,0.119215267,227148300288,14269022208,134.2109983279239,15.918981481481481,1.9053625093839701,119.6912322311873,False,8,sampled,15.814,0.0,15.814,95.5,2.32992949004287,97.0,1.885270232338,12.649000000000001,1.5079539122830001
83,decode,16,140,40443299877248,40443422548805,0.122671557,227154722816,14269939712,130.42958279236646,15.9184080241754,1.8517309828879076,116.32639269427386,False,9,sampled,15.814,0.0,15.814,95.44444444444444,2.0682789409984763,97.0,1.9399280023980001,12.649000000000001,1.551672524493
84,decode,16,141,40443422976713,40443542902344,0.119925631,227161145344,14270857216,133.4160167979437,15.917834640606918,1.8941834489409524,118.99755787818202,False,8,sampled,15.814,0.0,15.814,95.25,3.011881234615431,97.0,1.8965039286340002,12.649000000000001,1.5169393065190002
85,decode,16,142,40443543307482,40443665986038,0.122678556,227167567872,14271774720,130.4221415843858,15.917261330761812,1.8517300437739095,116.33471394951862,False,9,sampled,15.814,0.0,15.814,95.22222222222223,2.488864087178013,97.0,1.9400386845839999,12.649000000000001,1.551761054844
86,decode,16,143,40443666394731,40443785400590,0.119005859,227173990400,14272692224,134.44716196704232,15.916688094625869,1.9089311426255071,119.93268519661709,False,7,sampled,15.814000000000002,0.0,15.814,94.28571428571429,4.6084807950229365,97.0,1.8819586542260003,12.649000000000001,1.5053051104910002
87,decode,16,144,40443785882978,40443909220481,0.123337503,227180412928,14273609728,129.72534396127674,15.916114932184868,1.8419410755218548,115.72805822086409,False,8,sampled,15.814,0.0,15.814,95.125,2.948970764763288,97.0,1.950459272442,12.649000000000001,1.5600960754470001
88,decode,16,145,40443909615787,40444030125500,0.120509713,227186835456,14274527232,132.7693810041685,15.915541843424604,1.8852159697368127,118.45125904498668,False,9,sampled,15.814,0.0,15.814,95.44444444444444,1.740051084818425,97.0,1.905740601382,12.649000000000001,1.5243273597370002
89,decode,16,146,40444030522472,40444153942812,0.12342034,227193257984,14275444736,129.63827518219443,15.914968828330869,1.840808881129318,115.66525206461107,False,9,sampled,15.814,0.0,15.814,95.22222222222223,2.438123139721299,97.0,1.95176925676,12.649000000000001,1.5611438806600002
90,decode,16,147,40444154376283,40444275140396,0.120764113,227199680512,14276362240,132.48969087364554,15.91439588688946,1.8813509648516193,118.21692624861161,False,8,sampled,15.814,0.0,15.814,95.375,2.326094212561969,97.0,1.9097636829820002,12.649000000000001,1.527545265337
91,decode,16,148,40444275551043,40444398967027,0.123415984,227206103040,14277279744,129.64285079961766,15.913823019086177,1.8409779323235795,115.6842029797372,False,9,sampled,15.814,0.0,15.814,95.22222222222223,3.1534813214040835,97.0,1.9517003709760001,12.649000000000001,1.5610887816160002
92,decode,16,149,40444399377907,40444520348348,0.120970441,227212525568,14278197248,132.2637155633747,15.913250224906824,1.878248303385122,118.03046372295196,False,8,sampled,15.814,0.0,15.814,95.375,3.0676887530703447,97.0,1.913026553974,12.649000000000001,1.5301551082090001
93,decode,16,150,40444520769532,40444644337742,0.12356821,227218948096,14279114752,129.4831413354616,15.91267750433721,1.83881394815058,115.55653959865568,False,9,sampled,15.814,0.0,15.814,95.11111111111111,4.226240777701989,97.0,1.95410767294,12.649000000000001,1.56301428829
94,decode,16,151,40444644758474,40444765972011,0.121213537,227225370624,14280032256,131.99845822500833,15.912104857363145,1.8745874119983812,117.80889007471171,False,8,sampled,15.814,0.0,15.814,93.875,6.0812945050493035,97.0,1.916870874118,12.649000000000001,1.5332300295130001
95,decode,16,152,40444766385594,40444890846387,0.124460793,227231793152,14280949760,128.5545400630703,15.911532283970446,1.8257299160226306,114.74255800378839,False,9,sampled,15.814,0.0,15.814,95.33333333333333,3.570714214271425,97.0,1.968222980502,12.649000000000001,1.574304570657
96,decode,16,153,40444891263517,40445012926734,0.121663217,227238215680,14281867264,131.51057809033605,15.91095978414493,1.867764319268329,117.38853875613037,False,9,sampled,15.814,0.0,15.814,95.11111111111111,3.9193253387682825,97.0,1.923982113638,12.649000000000001,1.5389180318330002
97,decode,16,154,40445013334705,40445137575383,0.124240678,227244638208,14282784768,128.78229785577958,15.910387357872423,1.8290679177394702,114.96061513766048,False,9,sampled,15.814,0.0,15.814,95.33333333333333,2.8284271247461903,97.0,1.9647420818919998,12.649000000000001,1.571520336022
98,decode,16,155,40445137994327,40445260429188,0.122434861,227251060736,14283702272,130.68173451023887,15.909815005138746,1.8560976741420077,116.66368675829999,False,8,sampled,15.814,0.0,15.814,95.25,3.4121631178560534,97.0,1.9361848918540001,12.649000000000001,1.5486785567890002
99,decode,16,156,40445260822353,40445385172831,0.124350478,227257483264,14284619776,128.66858461131127,15.909242725929731,1.8275561696192273,114.87386301804165,False,10,sampled,15.813999999999998,0.0,15.814,95.5,2.6770630673681683,97.0,1.9664784590919997,12.648999999999997,1.5729091962219997
100,decode,16,157,40445385585081,40445508425742,0.122840661,227263905792,14285537280,130.25003178711322,15.908670520231214,1.850070684591969,116.29323030099944,False,8,sampled,15.814,0.0,15.814,95.125,3.3567628964311944,97.0,1.9426022130540002,12.649000000000001,1.5538115209890002
101,decode,16,158,40445508854120,40445633072225,0.124218105,227270328320,14286454784,128.80570026406377,15.908098388029028,1.8296071117813302,115.01105079650024,False,8,sampled,15.814,0.0,15.814,95.5,3.4641016151377544,97.0,1.96438511247,12.649000000000001,1.571234810145
102,decode,16,159,40445633484641,40445755860927,0.122376286,227276750848,14287372288,130.7442848853903,15.907526329309016,1.8571960162935488,116.74951704286892,False,9,sampled,15.814,0.0,15.814,95.0,3.0413812651491097,97.0,1.935258586804,12.649000000000001,1.547937641614
103,decode,16,160,40445756454408,40445881573534,0.125119126,227283173376,14288289792,127.87813111801948,15.906954344057022,1.8165342153684803,114.1974872171022,False,9,sampled,15.814,0.0,15.814,93.0,9.420721840708387,97.0,1.978633858564,12.649000000000001,1.582631824774
104,decode,16,161,40445881987431,40446005051207,0.123063776,227289595904,14289207296,130.01388808352507,15.906382432258892,1.8469252552757685,116.11221238652713,False,8,sampled,15.814,0.0,15.814,95.0,3.295017884191656,97.0,1.946130553664,12.649000000000001,1.556633702624
105,decode,16,162,40446005541290,40446130955476,0.125414186,227296018432,14290124800,127.57727423275703,15.905810593900481,1.8123629047195664,113.94344815187014,False,9,sampled,15.989555555555556,0.20818327929441807,16.209,95.44444444444444,3.2058973436118907,97.0,2.005317094501778,12.824555555555555,1.608381195811778
106,decode,16,163,40446131357919,40446254452839,0.12309492,227302440960,14291042304,129.9809935292212,15.905238828967642,1.8465623192248712,116.09774232762814,False,9,sampled,16.16511111111111,0.13166666666666652,16.209,95.44444444444444,3.6094013046179527,97.0,1.9898430590133331,13.00011111111111,1.6002476372133332
107,decode,16,164,40446254869034,40446380411326,0.125542292,227308863488,14291959808,127.44709169400858,15.904667137446236,1.810615847988501,113.84179450857883,False,9,sampled,16.03344444444444,0.20818327929441807,16.209,95.33333333333333,3.2015621187164243,97.0,2.0128753642102217,12.868444444444442,1.615534010030222
108,decode,16,165,40446380828104,40446504694350,0.123866246,227315286016,14292877312,129.1715904589536,15.904095519322121,1.835167314394916,115.38960591410836,False,9,sampled,15.945666666666666,0.1974999999999998,16.209,94.44444444444444,4.693375946776241,97.0,1.9751298699673332,12.780666666666665,1.5830932013773331
109,decode,16,166,40446505124387,40446631058859,0.125934472,227321708544,14293794816,127.05020115540724,15.903523974581168,1.8050792998441287,113.50184416543233,False,9,sampled,15.989555555555556,0.20818327929441807,16.209,95.11111111111111,3.100179206289712,97.0,2.0136362364035554,12.824555555555555,1.6150536325235554
110,decode,16,167,40446631466571,40446754229223,0.122762652,227328131072,14294712320,130.33279861044383,15.902952503209242,1.8517694703434722,116.44186637479939,False,8,sampled,15.814,0.0,15.814,95.25,2.5495097567963922,97.0,1.941368578728,12.649000000000001,1.5528247851480002
111,decode,16,168,40446754654658,40446880329987,0.125675329,227334553600,14295629824,127.31217914695095,15.902381105192221,1.8089035883884577,113.75048657322392,False,9,sampled,15.857888888888889,0.13166666666666652,16.209,95.11111111111111,2.803767306876787,97.0,1.9929454033565557,12.692888888888888,1.5951829870715555
112,decode,16,169,40446880789135,40447004188799,0.123399664,227340976128,14296547328,129.6599964810277,15.90180978051598,1.8423143852968675,115.85564226495786,False,8,sampled,16.11025,0.1828494697050787,16.209,95.375,3.0676887530703447,97.0,1.9879994369560001,12.945250000000001,1.5974395003960002
113,decode,16,170,40447004612252,40447130731340,0.126119088,227347398656,14297464832,126.86422217071535,15.901238529166399,1.802640680814311,113.36479718280235,False,8,sampled,16.209,0.0,16.209,95.25,3.370036032024414,97.0,2.044264297392,13.044,1.645097383872
114,decode,16,171,40447131127311,40447255039305,0.123911994,227353821184,14298382336,129.12390062902224,15.900667351129364,1.8348007633869567,115.39143124433943,False,10,sampled,16.209,0.0,16.209,95.4,2.6331223544175333,97.0,2.008489510746,13.044,1.616308049736
115,decode,16,172,40447255445646,40447381434869,0.125989223,227360243712,14299299840,126.99498908728089,15.90009624639076,1.8046007293179354,113.49621419603484,False,9,sampled,16.209,0.0,16.209,95.0,2.7386127875258306,97.0,2.042159315607,13.044,1.6434034248120002
116,decode,16,173,40447381851090,40447505813098,0.123962008,227366666240,14300217344,129.07180399981905,15.899525214936482,1.8341641113138472,115.3596781362238,False,9,sampled,16.209,0.0,16.209,95.22222222222223,3.1534813214040835,97.0,2.009300187672,13.044,1.616960432352
117,decode,16,174,40447506217921,40447632346268,0.126128347,227373088768,14301134848,126.85490915059721,15.898954256752422,1.802712032434707,113.38557261834248,False,8,sampled,16.209,0.0,16.209,95.375,3.0676887530703447,97.0,2.044414376523,13.044,1.645218158268
118,decode,16,175,40447632767564,40447756414853,0.123647289,227379511296,14302052352,129.40032999833906,15.89838337182448,1.8389364872852167,115.66814337514509,False,9,sampled,16.209,0.0,16.209,95.33333333333333,3.9370039370059056,97.0,2.004198907401,13.044,1.612855237716
119,decode,16,176,40447756819695,40447883728795,0.1269091,227385933824,14302969856,126.07448953621136,15.89781256013856,1.7917228459109709,112.70247646543865,False,9,sampled,16.077333333333332,0.1974999999999998,16.209,95.55555555555556,2.9202359113225387,97.0,2.040359903733333,12.912333333333333,1.6386926022333332
120,decode,16,177,40447884147555,40448008668755,0.1245212,227392356352,14303887360,128.49217643260747,15.897241821680565,1.8261336732379707,114.87110114582897,False,9,sampled,16.209,0.0,16.209,95.66666666666667,2.5495097567963922,97.0,2.0183641307999998,13.044,1.6242545328
121,decode,16,178,40448009064727,40448136032008,0.126967281,227398778880,14304804864,126.0167176455484,15.896671156436406,1.791002981941466,112.6652847200847,False,10,sampled,16.209,0.0,16.209,95.7,2.7507574714370344,97.0,2.058012657729,13.044,1.6561612133639998
122,decode,16,179,40448136438026,40448261254271,0.124816245,227405201408,14305722368,128.18844213747977,15.896100564391995,1.821919906403209,114.61426650032614,False,9,sampled,16.209,0.0,16.209,95.22222222222223,3.5276684147527875,97.0,2.023146515205,13.044,1.6281030997800001
123,decode,16,180,40448261659642,40448388834149,0.127174507,227411623936,14306639872,125.811378219064,15.895530045533253,1.7881856144014776,112.49612999875833,False,9,sampled,16.209,0.0,16.209,94.33333333333333,5.477225575051661,97.0,2.061371583963,13.044,1.658864269308
124,decode,16,181,40448389251010,40448514410205,0.125159195,227418046464,14307557376,127.83719166618161,15.894959599846095,1.8170302746354352,114.31487215941266,False,10,sampled,16.209,0.0,16.209,95.7,2.263232692902394,97.0,2.028705391755,13.044,1.63257653958
125,decode,16,182,40448514814566,40448641913578,0.127099012,227424468992,14308474880,125.88610838296681,15.894389227316447,1.789348834529099,112.57738872116487,False,8,sampled,16.209,0.0,16.209,95.375,3.461523198989551,97.0,2.060147885508,13.044,1.6578795125280001
126,decode,16,183,40448642338180,40448767000677,0.124662497,227430891520,14309392384,128.34653873490117,15.893818927930239,1.8243729829990492,114.78506149287225,False,8,sampled,16.209,0.0,16.209,95.375,2.669269563007828,97.0,2.020654413873,13.044,1.626097610868
127,decode,16,184,40448767416316,40448894975851,0.127559535,227437314048,14310309888,125.43162688700613,15.893248701673398,1.7829895197407233,112.18534065681565,False,9,sampled,16.209,0.0,16.209,95.44444444444444,2.8771127502720115,97.0,2.067612502815,13.044,1.66388657454
128,decode,16,185,40448895389720,40449022049220,0.1266595,227443736576,14311227392,126.32293669247075,15.892678548531864,1.7957100460368152,112.98976698944807,False,9,sampled,16.209,0.0,16.209,94.33333333333333,5.244044240850758,97.0,2.0530238355,13.044,1.6521465180000001
129,decode,16,186,40449022473664,40449149970110,0.127496446,227450159104,14312144896,125.49369415363938,15.89210846849157,1.7839725438621246,112.25524589132468,False,8,sampled,16.308,0.18331237975496556,16.605,95.375,2.1998376563477846,97.0,2.079212041368,13.143,1.6756857897780002
130,decode,16,187,40449150382564,40449278079594,0.12769703,227456581632,14313062400,125.29657111054189,15.891538461538461,1.7812206096884164,112.08610255070147,False,9,sampled,16.209,0.0,16.209,95.22222222222223,3.1534813214040835,97.0,2.0698411592699997,13.044,1.6656800593199999
131,decode,16,188,40449278486650,40449406725254,0.128238604,227463004160,14313979904,124.76742182876538,15.890968527658483,1.7737482869043084,111.61989804567742,False,9,sampled,16.385,0.20871032557111346,16.605,93.11111111111111,8.823894327966032,97.0,2.1011895265400002,13.220000000000002,1.6953143448800003
132,decode,16,189,40449407121208,40449534041401,0.126920193,227469426688,14314897408,126.06347045186105,15.890398666837585,1.792224084374029,112.7866029009269,False,9,sampled,16.429,0.20871032557111346,16.605,95.44444444444444,2.9202359113225387,97.0,2.0851718507969994,13.264,1.6834694399519998
133,decode,16,190,40449534450604,40449662982397,0.128531793,227475849216,14315814912,124.48281959312588,15.889828879061719,1.7698021937342772,111.37956281369232,False,9,sampled,16.385,0.20871032557111346,16.605,93.22222222222223,8.37821248503787,97.0,2.105993428305,13.220000000000002,1.6991903034600004
134,decode,16,191,40449663398470,40449788515106,0.125116636,227482271744,14316732416,127.88067607572185,15.889259164316842,1.8181616691164872,114.42708878458016,False,8,sampled,16.209,0.0,16.209,95.0,3.6645015252516173,97.0,2.028015552924,13.044,1.632021399984
135,decode,16,192,40449788924679,40449918058143,0.129133464,227488694272,14317649920,123.90281732084566,15.888689522588914,1.7616556330588327,110.87482265634878,False,8,sampled,16.209,0.0,16.209,95.5,3.116774889895918,97.0,2.093124317976,13.044,1.684416904416
136,decode,16,193,40449918451671,40450045918318,0.127466647,227495116800,14318567424,125.52303191908705,15.888119953863898,1.7847423004701772,112.331874737397,False,9,sampled,16.253,0.13200000000000026,16.605,95.77777777777777,1.855921454276674,97.0,2.071715413691,13.088000000000001,1.668283475936
137,decode,16,194,40450046319947,40450175505961,0.129186014,227501539328,14319484928,123.85241640786286,15.887550458127762,1.7610384613925778,110.84392562804827,False,8,sampled,16.308,0.18331237975496556,16.605,95.75,2.434865792722759,97.0,2.1067655163119996,13.143,1.6978917820019999
138,decode,16,195,40450175947332,40450304393685,0.128446353,227507961856,14320402432,124.56562312827985,15.886981035366478,1.7712294397023476,111.48936577436339,False,9,sampled,16.473,0.1980000000000004,16.605,96.22222222222223,1.6414763002993509,97.0,2.115896772969,13.308,1.7093640657240001
139,decode,16,196,40450304809443,40450434345379,0.129535936,227514384384,14321319936,123.51784758786937,15.886411685566019,1.7563804408994275,110.5586633194977,False,9,sampled,16.385,0.20871032557111346,16.605,95.55555555555556,3.2829526005987018,97.0,2.12244631136,13.220000000000002,1.7124650739200002
140,decode,16,197,40450434739231,40450562596957,0.127857726,227520806912,14322237440,125.13909405834418,15.885842408712364,1.779484228524446,112.01698863313116,False,10,sampled,16.5258,0.16696826045689075,16.605,96.0,1.4907119849998598,97.0,2.1129512083308,13.360800000000001,1.7082815055408003
141,decode,16,198,40450562997003,40450692894157,0.129897154,227527229440,14323154944,123.17436916285327,15.885273204791494,1.751595184602736,110.26534841556268,False,9,sampled,16.517,0.17461958653026333,16.605,95.66666666666667,2.598076211353316,97.0,2.1455112926179996,13.352,1.7343868002079998
142,decode,16,199,40450693304785,40450821535004,0.128230219,227533651968,14324072448,124.77558039575679,15.884704073789393,1.774415217742083,111.70590333312929,False,8,sampled,16.209,0.0,16.209,91.875,10.561892417013697,97.0,2.078483619771,13.044,1.6726349766360002
143,decode,16,200,40450821940586,40450951794142,0.129853556,227540074496,14324989952,123.21572464292005,15.88413501569205,1.7522821977705407,110.31650108988929,False,10,sampled,16.2882,0.16696826045689075,16.605,95.8,2.780887148615228,97.0,2.1150806908392,13.1232,1.7040941860992003
144,decode,16,201,40450952237438,40451080803673,0.128566235,227546497024,14325907456,124.44947151170756,15.883566030485461,1.769877581186071,111.42822573905194,False,9,sampled,16.385,0.20871032557111346,16.605,95.88888888888889,2.619372274250285,97.0,2.1065577604750003,13.220000000000002,1.6996456267000004
145,decode,16,202,40451081207183,40451211425492,0.130218309,227552919552,14326824960,122.87058650101193,15.88299711815562,1.747472542835739,110.02158659578353,False,9,sampled,16.473,0.1980000000000004,16.605,95.0,2.9154759474226504,97.0,2.145086204157,13.308,1.732945256172
146,decode,16,203,40451211852686,40451341457736,0.12960505,227559342080,14327742464,123.4519796875199,15.882428278688524,1.755790704760347,110.54926072710902,False,9,sampled,16.605,0.0,16.605,95.66666666666667,2.598076211353316,97.0,2.15209185525,13.440000000000001,1.741891872
147,decode,16,204,40451341856577,40451472220669,0.130364092,227565764608,14328659968,122.73318330633562,15.88185951207018,1.7456169188675057,109.91262814916858,False,9,sampled,16.561,0.13200000000000026,16.605,94.44444444444444,5.8760341879347315,97.0,2.158959727612,13.396,1.746357376432
148,decode,16,205,40451472632391,40451601987559,0.129355168,227572187136,14329577472,123.69045819645955,15.881290818286592,1.7592817562263923,110.77700020458403,False,9,sampled,16.605,0.0,16.605,95.44444444444444,2.8771127502720115,97.0,2.14794256464,13.440000000000001,1.73853345792
149,decode,16,206,40451602413576,40451733159524,0.130745948,227578609664,14330494976,122.374729349165,15.880722197323772,1.740616922705704,109.60565275797303,False,9,sampled,16.473,0.1980000000000004,16.605,93.33333333333333,8.902246907382429,97.0,2.153778001404,13.308,1.739967075984
150,decode,16,207,40451733577265,40451860613578,0.127036313,227585032192,14331412480,125.94823969741627,15.880153649167733,1.7914958866288884,112.81351088959894,False,8,sampled,16.555500000000002,0.1400071426749367,16.605,95.5,3.5050983275386565,97.0,2.1031496798715006,13.390500000000003,1.7010797492265006
151,decode,16,208,40451861072911,40451991756180,0.130683269,227591454720,14332329984,122.43342336347587,15.879585173804493,1.7415500581026941,109.67226404475696,False,8,sampled,16.4565,0.20494947112467962,16.605,95.5,2.7255405754769875,97.0,2.1505892162984996,13.2915,1.7369766699134999
152,decode,16,209,40451992177976,40452121422051,0.129244075,227597877248,14333247488,123.79677753119435,15.879016771220074,1.7609927360151711,110.90061566071789,False,8,sampled,16.605,0.0,16.605,95.25,3.011881234615431,97.0,2.1460978653750002,13.440000000000001,1.7370403680000004
153,decode,16,210,40452121881449,40452252782424,0.130900975,227604299776,14334164992,122.22980004541601,15.878448441400499,1.7387517531935877,109.50388254938512,False,9,sampled,16.605,0.0,16.605,95.88888888888889,2.619372274250285,97.0,2.1736106898750003,13.440000000000001,1.7593091040000002
154,decode,16,211,40452253192044,40452383696734,0.13050469,227610722304,14335082496,122.60095786595868,15.877880184331797,1.7440807859395704,109.8434278185711,False,9,sampled,16.605,0.0,16.605,95.66666666666667,2.958039891549808,97.0,2.16703037745,13.440000000000001,1.7539830336000002
155,decode,16,212,40452384129289,40452515439899,0.13131061,227617144832,14336000000,121.84849343095733,15.877312,1.7334253860522009,109.17625011413777,False,9,sampled,16.605,0.0,16.605,95.33333333333333,3.2015621187164243,97.0,2.18041267905,13.440000000000001,1.7648145984
156,decode,16,213,40452515845103,40452645315362,0.129470259,227623567360,14336917504,123.5805050795488,15.876743888391143,1.7581147138973436,110.73521915175901,False,9,sampled,16.605,0.0,16.605,94.88888888888889,4.884783629917615,97.0,2.1498536506950003,13.440000000000001,1.7400802809600002
157,decode,16,214,40452645726492,40452776864527,0.131138035,227629989888,14337835008,122.0088435822605,15.876175849491265,1.7358044894297833,109.33391679995816,False,9,sampled,16.605,0.0,16.605,94.33333333333333,5.454356057317857,97.0,2.177547071175,13.440000000000001,1.7624951904
158,decode,16,215,40452777262194,40452904950053,0.127687859,227636412416,14338752512,125.30557035966906,15.87560788328641,1.7827569057759831,112.29534761014358,False,9,sampled,16.605,0.0,16.605,95.33333333333333,2.8284271247461903,97.0,2.1202568986949997,13.440000000000001,1.71612482496
159,decode,16,216,40452905342969,40453036424177,0.131081208,227642834944,14339670016,122.06173748414037,15.875039989762621,1.7366549974425014,109.39531481888693,False,10,sampled,16.605,0.0,16.605,95.3,2.5407785333546005,97.0,2.1766034588400003,13.440000000000001,1.7617314355200002
160,decode,16,217,40453036812324,40453165048160,0.128235836,227649257472,14340587520,124.77011496224816,15.87447216890595,1.775239001615742,111.82979709353633,False,10,sampled,16.605,0.0,16.605,95.6,2.3664319132398464,97.0,2.12935605678,13.440000000000001,1.72348963584
161,decode,16,218,40453165457242,40453297538909,0.132081667,227655680000,14341505024,121.13717492678222,15.87390442070245,1.7235978707022221,108.58058767535087,False,9,sampled,16.605,0.0,16.605,94.44444444444444,5.126185499743233,97.0,2.1932160805350005,13.440000000000001,1.7751776044800003
162,decode,16,219,40453298037426,40453426954618,0.128917192,227662102528,14342422528,124.11067718570847,15.873336745138179,1.7659561071420171,111.25298577710255,False,9,sampled,16.605,0.0,16.605,95.55555555555556,2.9202359113225387,97.0,2.14066997316,13.440000000000001,1.7326470604800004
163,decode,16,220,40453427352969,40453558711675,0.131358706,227668525056,14343340032,121.80387952360006,15.872769142199195,1.7331818498272966,109.19215382648487,False,9,sampled,16.605,0.0,16.605,95.66666666666667,2.958039891549808,97.0,2.18121131313,13.440000000000001,1.76546100864
164,decode,16,221,40453559118008,40453687115019,0.127997011,227674947584,14344257536,125.00291901347603,15.872201611871562,1.7787520646400095,112.0671289425657,False,9,sampled,16.605,0.0,16.605,93.22222222222223,8.105210943858552,97.0,2.125390367655,13.440000000000001,1.72027982784
165,decode,16,222,40453687520714,40453819589600,0.132068886,227681370112,14345175040,121.1488980076655,15.871634154141349,1.7239591928715141,108.61888423894179,False,10,sampled,16.684,0.16654662343553447,17.0,95.3,1.946506842754191,97.0,2.203437294024,13.519000000000002,1.7854392698340003
166,decode,16,223,40453819994822,40453947758706,0.127763884,227687792640,14346092544,125.23100816189965,15.871066768994627,1.7820982386540474,112.28597702931448,False,10,sampled,16.605,0.0,16.605,95.8,2.485513584307633,97.0,2.12151929382,13.440000000000001,1.71714660096
167,decode,16,224,40453948192723,40454080799004,0.132606281,227694215168,14347010048,120.65793474744987,15.870499456417472,1.717069609757022,108.19253763703698,False,9,sampled,16.605,0.0,16.605,95.88888888888889,2.619372274250285,97.0,2.201927296005,13.440000000000001,1.78222841664
168,decode,16,225,40454081234680,40454209352878,0.128118198,227700637696,14347927552,124.88467875578458,15.86993221639596,1.7772700619470156,111.9897701964244,False,8,sampled,16.605,0.0,16.605,95.375,2.669269563007828,97.0,2.1274026777899997,13.440000000000001,1.7219085811200001
169,decode,16,226,40454209774823,40454343282458,0.133507635,227707060224,14348845056,119.84333330449601,15.86936504891617,1.7055733196382363,107.47583878629861,False,10,sampled,16.605,0.0,16.605,95.9,2.4698178070456938,97.0,2.2168942791750004,13.440000000000001,1.7943426144000003
170,decode,16,227,40454343696327,40454473382652,0.129686325,227713482752,14349762560,123.37461177961517,15.868797953964194,1.7558789082195059,110.64977406060355,False,10,sampled,16.684,0.16654662343553447,17.0,95.9,2.4698178070456938,97.0,2.1636866463,13.519000000000002,1.7532294276750002
171,decode,16,228,40454473796884,40454606992754,0.13319587,227719905280,14350680064,120.12384468076976,15.868230931526117,1.709661908285895,107.74117894195969,False,9,sampled,16.692777777777778,0.17417862797841868,17.0,95.44444444444444,2.8771127502720115,97.0,2.2234090588277775,13.527777777777779,1.801844130277778
172,decode,16,229,40454607397494,40454735794473,0.128396979,227726327808,14351597568,124.61352381195823,15.867663981588032,1.7736112608070007,111.77519657997561,False,9,sampled,16.64888888888889,0.13166666666666652,17.0,95.22222222222223,2.6352313834736494,97.0,2.13766703704,13.483888888888892,1.7312905985050002
173,decode,16,230,40454736247890,40454870013368,0.133765478,227732750336,14352515072,119.61232628346755,15.867097104136036,1.702477752413818,107.2961072362781,False,10,sampled,16.8815,0.19080312715816072,17.0,96.0,2.8284271247461903,97.0,2.258161916857,13.7165,1.834794178987
174,decode,16,231,40454870432572,40454999390618,0.128958046,227739172864,14353432576,124.07135883557045,15.866530299156226,1.7659942898328345,111.30311772869139,False,9,sampled,16.605,0.0,16.605,95.33333333333333,3.278719262151,97.0,2.1413483538299998,13.440000000000001,1.73319613824
175,decode,16,232,40454999798572,40455133274748,0.133476176,227745595392,14354350080,119.8715791797931,15.865963566634708,1.7062640106800782,107.54241326182434,False,9,sampled,16.605,0.0,16.605,95.88888888888889,2.619372274250285,97.0,2.21637190248,13.440000000000001,1.7939198054400003
176,decode,16,233,40455133694072,40455262775237,0.129081165,227752017920,14355267584,123.95301824243684,15.865396906557587,1.7644093769993476,111.21117154466339,False,9,sampled,16.64888888888889,0.13166666666666652,17.0,95.33333333333333,3.1622776601683795,97.0,2.1490579737333335,13.483888888888892,1.7405160865083336
177,decode,16,234,40455263174263,40455397558685,0.134384422,227758440448,14356185088,119.06141918741146,15.864830318910974,1.694827696978151,106.8292356684021,False,9,sampled,16.780555555555555,0.20818327929441807,17.0,95.77777777777777,2.9486343354923554,97.0,2.2550452591722223,13.615555555555556,1.8297185635422224
178,decode,16,235,40455397986972,40455528763869,0.130776897,227764862976,14357102592,122.34576876372896,15.864263803680982,1.7416292036352568,109.78317211487285,False,9,sampled,17.0,0.0,17.0,95.88888888888889,2.6666666666666665,97.0,2.223207249,13.835,1.809298369995
179,decode,16,236,40455529181637,40455663602319,0.134420682,227771285504,14358020096,119.02930235095815,15.86369736085373,1.6944660755701266,106.81406969799482,False,9,sampled,16.780555555555555,0.20818327929441807,17.0,95.11111111111111,4.594682917363407,97.0,2.255653722116667,13.615555555555556,1.8302122635866669
180,decode,16,237,40455664041762,40455793735962,0.1296942,227777708032,14358937600,123.36712050346121,15.863130990415335,1.756267497174122,110.71379907505501,False,9,sampled,16.824444444444445,0.20818327929441807,17.0,95.33333333333333,2.8284271247461903,97.0,2.182032862666667,13.659444444444446,1.771550719666667
181,decode,16,238,40455794153452,40455929214868,0.135061416,227784130560,14359855104,118.46462501177983,15.862564692351926,1.6865226006515437,106.32092813242829,False,9,sampled,16.868333333333332,0.1974999999999998,17.0,94.77777777777777,4.465920335658088,97.0,2.27826098556,13.703333333333333,1.8507916039199999
182,decode,16,239,40455929625515,40456059495229,0.129869714,227790553088,14360772608,123.2003945123033,15.861998466649629,1.7539928754135856,110.57830317544243,False,10,sampled,16.802500000000002,0.20818327929441807,17.0,95.7,2.7507574714370344,97.0,2.182135869485,13.637500000000003,1.7710982246750002
183,decode,16,240,40456059901191,40456194770003,0.134868812,227796975616,14361690112,118.63380245389868,15.861432313294577,1.6890263378015073,106.48636922819487,False,9,sampled,16.692777777777778,0.17417862797841868,17.0,95.55555555555556,3.6094013046179527,97.0,2.251335107868889,13.527777777777779,1.824475317888889
184,decode,16,241,40456195176224,40456325325388,0.130149164,227803398144,14362607616,122.93586457458919,15.860866232272901,1.7503254814913756,110.3549740511587,False,9,sampled,16.736666666666665,0.1974999999999998,17.0,95.33333333333333,2.9154759474226504,97.0,2.1782631748133334,13.571666666666665,1.7663410707533334
185,decode,16,242,40456325748276,40456461763457,0.136015181,227809820672,14363525120,117.6339279363235,15.860300223570745,1.6748852517573019,105.60236742985329,False,9,sampled,16.824444444444445,0.20818327929441807,17.0,96.11111111111111,1.964971020425266,97.0,2.2883798563355557,13.659444444444446,1.857891808470556
186,decode,16,243,40456462173086,40456593569871,0.131396785,227816243200,14364442624,121.76858056306325,15.859734287174247,1.7338037852296009,109.32111180650273,False,9,sampled,16.912222222222223,0.17417862797841868,17.0,93.55555555555556,7.81202776350531,97.0,2.222211627205555,13.747222222222224,1.8063408026805556
187,decode,16,244,40456593974362,40456729982328,0.136007966,227822665728,14365360128,117.64016822367596,15.859168423069553,1.6750685450880134,105.62146137822545,False,10,sampled,16.921,0.16654662343553447,17.0,96.1,2.5582111805799856,98.0,2.301390792686,13.756,1.870925580296
188,decode,16,245,40456730382753,40456861258746,0.130875993,227829088256,14366277632,122.25313163430974,15.858602631242816,1.7408012197928462,109.77015190249597,False,10,sampled,17.0,0.0,17.0,95.5,2.273030282830976,97.0,2.224891881,13.835,1.8106693631550002
189,decode,16,246,40456861668932,40456997951948,0.136283016,227835510784,14367195136,117.40274371386086,15.858036911680184,1.6717821300931583,105.42175802742727,False,10,sampled,17.0,0.0,17.0,94.9,4.629614814791111,97.0,2.3168112720000003,13.835,1.8854755263600003
190,decode,16,247,40456998373272,40457129780624,0.131407352,227841933312,14368112640,121.75878865590411,15.857471264367817,1.7338598628180257,109.34024939487404,False,9,sampled,17.0,0.0,17.0,95.44444444444444,3.9721250959376615,97.0,2.233924984,13.835,1.8180207149200003
191,decode,16,248,40457130172808,40457266545607,0.136372799,227848355840,14369030144,117.32544992348512,15.856905689291871,1.670775678953396,105.36580791305751,False,11,sampled,16.892272727272726,0.18450424976628074,17.0,96.0909090909091,2.7001683449201996,97.0,2.303646513289545,13.727272727272727,1.8720266044545453
192,decode,16,249,40457266960309,40457397835138,0.130874829,227854778368,14369947648,122.2542189529814,15.856340186438514,1.7410129977552826,109.79917038134201,False,9,sampled,17.0,0.0,17.0,95.55555555555556,2.9202359113225387,97.0,2.224872093,13.835,1.810653259215
193,decode,16,250,40457398243268,40457534755294,0.136512026,227861200896,14370865152,117.20579108539492,15.85577475579391,1.6691657692927362,105.27178867010588,False,10,sampled,17.0,0.0,17.0,95.3,2.6687491868330793,97.0,2.3207044420000003,13.835,1.8886438797100003
194,decode,16,251,40457535169368,40457667650596,0.132481228,227867623424,14371782656,120.77182738674493,15.855209397344229,1.7199993301994454,108.48165338564041,False,9,sampled,17.0,0.0,17.0,95.66666666666667,2.598076211353316,97.0,2.252180876,13.835,1.8328777893800001
195,decode,16,252,40457668075198,40457804664793,0.136589595,227874045952,14372700160,117.1392301148561,15.854644111075647,1.6683118941234139,105.22543946337932,False,11,sampled,17.0,0.0,17.0,96.0,2.3664319132398464,97.0,2.3220231150000004,13.835,1.8897170468250002
196,decode,16,253,40457805073709,40457936253302,0.131179593,227880468480,14373617664,121.97019089699415,15.85407889697434,1.7371640151376286,109.57205564740546,False,9,sampled,17.0,0.0,17.0,95.66666666666667,2.5495097567963922,97.0,2.2300530810000003,13.835,1.8148696691550004
197,decode,16,254,40457936669515,40458073715448,0.137045933,227886891008,14374535168,116.74917781033312,15.853513755026489,1.6628504474335624,104.88844764185741,False,10,sampled,17.0,0.0,17.0,95.8,3.1552425509864617,97.0,2.329780861,13.835,1.8960304830550003
198,decode,16,255,40458074135502,40458205872374,0.131736872,227893313536,14375452672,121.45422733280019,15.85294868521828,1.7299128943641533,109.12246855231237,False,9,sampled,17.0,0.0,17.0,96.11111111111111,1.964971020425266,97.0,2.239526824,13.835,1.82257962412
199,decode,16,256,40458206287606,40458343598384,0.137310778,227899736064,14376370176,116.5239920204953,15.852383687535898,1.6597366891621574,104.6995027294944,False,9,sampled,17.0,0.0,17.0,95.66666666666667,2.958039891549808,97.0,2.3342832259999997,13.835,1.8996946136300001
200,decode,16,257,40458344046458,40458475812756,0.131766298,227906158592,14377287680,121.42710422053445,15.85181876196554,1.7296240544907773,109.11202559549787,False,9,sampled,17.0,0.0,17.0,95.88888888888889,2.619372274250285,97.0,2.240027066,13.835,1.8229867328300002
201,decode,16,258,40458476263718,40458614542558,0.13827884,227912581120,14378205184,115.70823128108394,15.851253908493396,1.6482101030063603,103.97979317732201,False,9,sampled,17.0,0.0,17.0,95.88888888888889,2.976761849915292,97.0,2.3507402799999997,13.835,1.9130877514
202,decode,16,259,40458614958687,40458747705620,0.132746933,227919003648,14379122688,120.5300916443772,15.850689127105666,1.716943649824286,108.31981095939895,False,9,sampled,17.0,0.0,17.0,95.66666666666667,2.5495097567963922,97.0,2.256697861,13.835,1.8365538180550003
203,decode,16,260,40458748142629,40458886515639,0.13837301,227925426176,14380040192,115.62948583686949,15.850124417788553,1.6471812398675147,103.92229085715488,False,10,sampled,17.0,0.0,17.0,95.2,4.685675570881488,97.0,2.35234117,13.835,1.91439059335
204,decode,16,261,40458886931129,40459019619255,0.132688126,227931848704,14380957696,120.5835102381354,15.849559780528264,1.7178014007372446,108.381647473113,False,9,sampled,17.0,0.0,17.0,95.22222222222223,2.8185890875479607,97.0,2.255698142,13.835,1.83574022321
205,decode,16,262,40459020050154,40459158771307,0.138721153,227938271232,14381875200,115.3392950821278,15.848995215311005,1.6431399703836083,103.67470922044599,False,10,sampled,17.0,0.0,17.0,96.0,2.494438257849294,97.0,2.3582596010000003,13.835,1.9192071517550002
206,decode,16,263,40459159201825,40459291066115,0.13186429,227944693760,14382792704,121.33686838187958,15.848430722122991,1.7286309565690605,109.07268908056912,False,9,sampled,17.0,0.0,17.0,95.55555555555556,2.5055493963954847,97.0,2.24169293,13.835,1.82434245215
207,decode,16,264,40459291480846,40459429856799,0.138375953,227951116288,14383710208,115.62702661205881,15.847866300950438,1.647331861830068,103.94660268753488,False,9,sampled,17.0,0.0,17.0,95.66666666666667,2.9154759474226504,97.0,2.352391201,13.835,1.914431309755
208,decode,16,265,40459430266401,40459562667085,0.132400684,227957538816,14384627712,120.84529714363109,15.847301951779563,1.721724782146896,108.64466313482188,False,10,sampled,17.0,0.0,17.0,95.8,2.5298221281347035,98.0,2.2508116279999997,13.835,1.83176346314
209,decode,16,266,40459563069483,40459701994275,0.138924792,227963961344,14385545216,115.1702282195967,15.846737674596595,1.6409163408644873,103.54915784937796,False,10,sampled,17.0,0.0,17.0,95.4,2.875181153713043,97.0,2.361721464,13.835,1.92202449732
210,decode,16,267,40459702401191,40459836669198,0.134268007,227970383872,14386462720,119.16464955050685,15.846173469387756,1.6978756813750875,107.14736176876447,False,10,sampled,17.0,0.0,17.0,95.4,2.9514591494904874,97.0,2.282556119,13.835,1.857597876845
211,decode,16,268,40459837057245,40459975654096,0.138596851,227976806400,14387380224,115.44273830579311,15.845609336139276,1.6448916750641038,103.80741063157345,False,10,sampled,17.1185,0.19080312715816072,17.395,95.9,2.4698178070456938,97.0,2.3725701938435,13.953500000000002,1.9339111604285002
212,decode,16,269,40459976080957,40460109563306,0.133482349,227983228928,14388297728,119.86603562093443,15.845045274837393,1.7079653649787059,107.79176299931612,False,10,sampled,17.237000000000002,0.20397712290025707,17.395,95.1,3.2472210341220142,97.0,2.3008352497130002,14.072000000000003,1.8783636151280003
213,decode,16,270,40460109968953,40460249398984,0.139430031,227989651456,14389215232,114.75289710005156,15.844481285468342,1.6351545633379367,103.20025842926191,False,10,sampled,17.237000000000002,0.20397712290025707,17.395,95.3,3.093002855909879,97.0,2.4033554443470004,14.072000000000003,1.9620593962320005
214,decode,16,271,40460249803604,40460382878272,0.133074668,227996073984,14390132736,120.23325130519957,15.843917368018362,1.7132943287448215,108.13577784766669,False,10,sampled,17.0395,0.12490996757665085,17.395,95.8,2.8205594401741574,97.0,2.267525805386,13.874500000000001,1.8463444811660004
215,decode,16,272,40460383284309,40460523355243,0.140070934,228002496512,14391050240,114.22783830369832,15.8433535224737,1.6277645190257672,102.74115998969494,False,11,sampled,17.107727272727274,0.18450424976628074,17.395,95.36363636363636,2.975658826973525,97.0,2.396295337708182,13.942727272727275,1.9529708315981822
216,decode,16,273,40460523771641,40460657227823,0.133456182,228008919040,14391967744,119.88953797584288,15.842789748820604,1.7084927473798104,107.84039771196211,False,9,sampled,17.219444444444445,0.20818327929441807,17.395,96.0,2.29128784747792,97.0,2.2980413117166667,14.054444444444446,1.875652495686667
217,decode,16,274,40460657649757,40460797743364,0.140093607,228015341568,14392885248,114.20935146598087,15.842226047045324,1.6275927677984618,102.7376306186477,False,9,sampled,17.263333333333335,0.1974999999999998,17.395,95.11111111111111,4.226240777701989,97.0,2.4184826355100006,14.098333333333336,1.9750863693550005
218,decode,16,275,40460798225048,40460933183380,0.134958332,228021764096,14393802752,118.55511077300513,15.841662417134115,1.6895715938160825,106.65367998175913,False,9,sampled,17.395,0.0,17.395,95.55555555555556,2.9202359113225387,97.0,2.3476001851399997,14.23,1.9204570643599999
219,decode,16,276,40460933599648,40461073249286,0.139649638,228028186624,14394720256,114.57244164141693,15.841098859073236,1.6328591315360232,103.07739040469264,False,10,sampled,17.3555,0.12490996757665085,17.395,95.3,4.083843505544474,97.0,2.4236892923089997,14.1905,1.9816981880389999
220,decode,16,277,40461073673813,40461207721670,0.134047857,228034609152,14395637760,119.3603565031256,15.840535372848949,1.701143265214602,107.39177844521603,False,10,sampled,17.395,0.0,17.395,95.1,4.653553003411002,97.0,2.331762472515,14.23,1.9075010051099999
221,decode,16,278,40461208157160,40461348862319,0.140705159,228041031680,14396555264,113.71295916733231,15.839971958447517,1.620701282744011,102.31718130534219,False,10,sampled,17.395,0.0,17.395,96.0,2.494438257849294,97.0,2.447566240805,14.23,2.00223441257
222,decode,16,279,40461349257864,40461483287726,0.134029862,228047454208,14397472768,119.37638195882049,15.839408615855213,1.701467499891927,107.4198880246553,False,9,sampled,17.219444444444445,0.20818327929441807,17.395,95.77777777777777,2.6352313834736494,97.0,2.3079197626055556,14.054444444444446,1.8837152493755558
223,decode,16,280,40461483700661,40461623883254,0.140182593,228053876736,14398390272,114.13685292581226,15.838845345058306,1.6268344867611346,102.71168455273188,False,10,sampled,17.237000000000002,0.20397712290025707,17.395,95.1,4.653553003411002,97.0,2.416327355541,14.072000000000003,1.9726494486960002
224,decode,16,281,40461624316384,40461758971508,0.134655124,228060299264,14399307776,118.82206576854811,15.838282146043074,1.6936622423963608,106.9347184738399,False,9,sampled,17.35111111111111,0.13166666666666652,17.395,95.44444444444444,3.6094013046179527,97.0,2.336416018204444,14.18611111111111,1.9102325507444442
225,decode,16,282,40461759383156,40461901059575,0.141676419,228066721792,14400225280,112.93340213518525,15.837719018795795,1.6097719253618346,101.6416520239688,False,10,sampled,17.395,0.0,17.395,94.1,7.233410137841088,97.0,2.464461308505,14.23,2.01605544237
226,decode,16,283,40461901462325,40462037081509,0.135619184,228073144320,14401142784,117.97740944968375,15.837155963302752,1.6817174207448409,106.18809492320791,False,11,sampled,17.395,0.0,17.395,95.63636363636364,2.377928816122437,97.0,2.35909570568,14.23,1.9298609883200002
227,decode,16,284,40462037495202,40462178314607,0.140819405,228079566848,14402060288,113.6207044760628,15.836592979550232,1.6196600663665635,102.27326473933049,False,9,sampled,17.395,0.0,17.395,95.77777777777777,2.5873624493766707,97.0,2.449553549975,14.23,2.0038601331500003
228,decode,16,285,40462178724088,40462313807869,0.135083781,228085989376,14402977792,118.44501154435407,15.836030067524526,1.6884779777966088,106.62255442790722,False,9,sampled,17.395,0.0,17.395,95.33333333333333,2.8722813232690143,97.0,2.3497823704950003,14.23,1.9222422036300002
229,decode,16,286,40462314299508,40462455203693,0.140904185,228092411904,14403895296,113.5523405497147,15.835467227211923,1.6187767020830504,102.22475149336411,False,9,sampled,17.395,0.0,17.395,96.0,2.6457513110645907,97.0,2.451028298075,14.23,2.0050665525499998
230,decode,16,287,40462455609424,40462589863305,0.134253881,228098834432,14404812800,119.17718788330596,15.834904458598727,1.6990111029415977,107.29531759309067,False,10,sampled,17.395,0.0,17.395,95.9,2.5144029554194813,97.0,2.3353462599949997,14.23,1.9104327266299999
231,decode,16,288,40462590259481,40462730750722,0.140491241,228105256960,14405730304,113.8861034048379,15.834341761671231,1.623626180083355,102.53828068897192,False,11,sampled,17.32318181818182,0.1597853674037882,17.395,96.0909090909091,2.4271195048676715,97.0,2.433755311705,14.15818181818182,1.98910053394
232,decode,16,289,40462731164249,40462865920623,0.134756374,228111679488,14406647808,118.73278810544426,15.833779136415743,1.6927709815641074,106.90884134356419,False,9,sampled,17.395,0.0,17.395,95.33333333333333,2.9154759474226504,97.0,2.34408712573,14.23,1.9175832020200003
233,decode,16,290,40462866337614,40463007732606,0.141394992,228118102016,14407565312,113.15818031235506,15.83321658281857,1.6133393325274208,101.89586708983299,False,10,sampled,17.395,0.0,17.395,95.3,4.029061098237818,97.0,2.45956588584,14.23,2.01205073616
234,decode,16,291,40463008159180,40463144524781,0.136365601,228124524544,14408482816,117.33164289724357,15.832654100866021,1.672889078118755,105.6606850286239,False,9,sampled,17.395,0.0,17.395,95.11111111111111,4.226240777701989,97.0,2.372079629395,14.23,1.94048250223
235,decode,16,292,40463144923770,40463286103953,0.141180183,228130947072,14409400320,113.3303531700338,15.832091690544413,1.6158850500427528,102.06390170212488,False,9,sampled,17.390333333333334,0.0034999999999989484,17.395,95.88888888888889,2.619372274250285,97.0,2.4551704424309997,14.225333333333335,2.008335163236
236,decode,16,293,40463286509592,40463422056864,0.135547272,228137369600,14410317824,118.04000009679281,15.83152935184006,1.6830834456041284,106.31211983373595,False,9,sampled,17.392666666666667,0.0034999999999989484,17.395,95.11111111111111,2.976761849915292,97.0,2.357528519472,14.227666666666668,1.9285214035920002
237,decode,16,294,40463422538743,40463564196288,0.141657545,228143792128,14411235328,112.94844902189996,15.830967084739289,1.610530467177022,101.73291742420075,False,9,sampled,17.395,0.0,17.395,95.77777777777777,2.6352313834736494,97.0,2.464132995275,14.23,2.01578686535
238,decode,16,295,40463564608212,40463699596462,0.13498825,228150214656,14412152832,118.52883491711316,15.830404889228419,1.6901486955790597,106.76598023902079,False,9,sampled,17.395,0.0,17.395,95.44444444444444,2.8771127502720115,97.0,2.34812060875,14.23,1.9208827975
239,decode,16,296,40463700023907,40463841926592,0.141902685,228156637184,14413070336,112.75332809946478,15.829842765293781,1.6078387606548812,101.57010303222944,False,10,sampled,17.395,0.0,17.395,95.1,3.2812599206199233,97.0,2.468397205575,14.23,2.0192752075500002
240,decode,16,297,40463842406489,40463978232890,0.135826401,228163059712,14413987840,117.79742290307757,15.829280712921706,1.6798137772346629,106.1206638317686,False,9,sampled,17.395,0.0,17.395,95.77777777777777,2.6352313834736494,97.0,2.362700245395,14.23,1.9328096862300002
241,decode,16,298,40463978713982,40464121107293,0.142393311,228169482240,14414905344,112.3648287102475,15.82871873209853,1.602389049300216,101.23302311581195,False,10,sampled,17.395,0.0,17.395,96.1,2.5144029554194813,97.0,2.476931644845,14.23,2.02625681553
242,decode,16,299,40464121520478,40464258355910,0.136835432,228175904768,14415822848,116.92877908990705,15.828156822810591,1.6675206226410715,105.35153532456418,False,10,sampled,17.395,0.0,17.395,96.0,2.494438257849294,97.0,2.38025233964,14.23,1.9471681973600001
243,decode,16,300,40464258759595,40464400621941,0.141862346,228182327296,14416740352,112.78538985954737,15.82759498504423,1.6084770464461373,101.62485506901176,False,9,sampled,17.395,0.0,17.395,95.66666666666667,2.598076211353316,97.0,2.46769550867,14.23,2.01870118358
244,decode,16,301,40464401036931,40464536422258,0.135385327,228188749824,14417657856,118.18119699190149,15.827033218785797,1.685476224642867,106.49350395261077,False,9,sampled,17.395,0.0,17.395,96.0,2.6457513110645907,97.0,2.355027763165,14.23,1.92653320321
245,decode,16,302,40464536819379,40464679007950,0.142188571,228195172352,14418575360,112.52662494230988,15.826471524021635,1.604877035806204,101.40460135857191,False,11,sampled,17.395,0.0,17.395,96.0909090909091,2.3855626361320073,97.0,2.473370192545,14.23,2.02334336533
246,decode,16,303,40464679398737,40464815125532,0.135726795,228201594880,14419492864,117.88387105140144,15.825909900738102,1.6813304615348796,106.23910233789871,False,9,sampled,17.395,0.0,17.395,95.66666666666667,2.9154759474226504,97.0,2.3609675990250003,14.23,1.9313922928500002
247,decode,16,304,40464815522236,40464957679392,0.142157156,228208017408,14420410368,112.55149195584639,15.82534834892155,1.6053220522222602,101.43991884587224,False,9,sampled,17.395,0.0,17.395,96.0,2.6457513110645907,97.0,2.47282372862,14.23,2.02289632988
248,decode,16,305,40464958136335,40465094298719,0.136162384,228214439936,14421327872,117.50675575715537,15.824786868558341,1.676046153363472,105.91271574681008,False,10,sampled,17.395,0.0,17.395,96.0,2.8284271247461903,97.0,2.36854466968,14.23,1.9375907243200001
249,decode,16,306,40465094693208,40465237542880,0.142849672,228220862464,14422245376,112.00585745832163,15.824225459634837,1.5976295868848756,100.96099748832465,False,10,sampled,17.395,0.0,17.395,96.0,2.5385910352879693,97.0,2.48487004444,14.23,2.03275083256
250,decode,16,307,40465237943176,40465375528270,0.137585094,228227284992,14423162880,116.29166746798894,15.823664122137405,1.6588082208382255,104.83085384235011,False,9,sampled,17.395,0.0,17.395,95.88888888888889,2.6666666666666665,97.0,2.39329271013,14.23,1.95783588762
251,decode,16,308,40465375948241,40465517918497,0.141970256,228233707520,14424080384,112.69966294911802,15.823102856052413,1.6076163694457242,101.59931235173656,False,9,sampled,17.439,0.13200000000000026,17.791,95.33333333333333,3.2015621187164243,97.0,2.475819294384,14.274000000000001,2.026483434144
252,decode,16,309,40465518326330,40465654762961,0.136436631,228240130048,14424997888,117.27055910666688,15.822541661366238,1.6728654788317074,105.72672296489057,False,10,sampled,17.4346,0.12522619534266807,17.791,95.6,2.6331223544175333,97.0,2.3787180868326,14.2696,1.9468961497176
253,decode,16,310,40465655161220,40465798395365,0.143234145,228246552576,14425915392,111.70520827977155,15.821980538065255,1.5935205434151194,100.71561771810764,False,10,sampled,17.4742,0.16696826045689075,17.791,93.8,8.107609594284455,97.0,2.502902096559,14.3092,2.049566027634
254,decode,16,311,40465798810188,40465935465723,0.136655535,228252975104,14426832896,117.08270726099752,15.821419486135843,1.6702797665970868,105.57079079160606,False,10,sampled,17.395,0.0,17.395,96.1,2.5582111805799856,98.0,2.377123031325,14.23,1.94460826305
255,decode,16,312,40465935871964,40466079127945,0.143255981,228259397632,14427750400,111.68818145191439,15.820858505564388,1.5933673138017184,100.71307528863315,False,9,sampled,17.395,0.0,17.395,95.66666666666667,2.598076211353316,97.0,2.491937789495,14.23,2.0385326096300003
